﻿{"cameraMode":{"drawMode":0,"name":"Shaded","section":"Shading Mode"},"sceneLighting":true,"audioPlay":false,"sceneViewState":{"showFog":true,"showMaterialUpdate":true,"showSkybox":true,"showFlares":true,"showImageEffects":true,"showParticleSystems":true},"in2DMode":false,"pivot":{"x":-8.795695304870606,"y":11.060178756713868,"z":0.4145205020904541},"rotation":{"x":0.35891619324684145,"y":0.5784649848937988,"z":-0.313640832901001,"w":0.6619569063186646},"size":1.1709356307983399,"orthographic":false}