﻿{"cameraMode":{"drawMode":0,"name":"Shaded","section":"Shading Mode"},"sceneLighting":true,"audioPlay":false,"sceneViewState":{"showFog":true,"showMaterialUpdate":true,"showSkybox":true,"showFlares":true,"showImageEffects":true,"showParticleSystems":true},"in2DMode":false,"pivot":{"x":10.907683372497559,"y":18.31011199951172,"z":1.111180305480957},"rotation":{"x":0.23429755866527558,"y":-0.4227840006351471,"z":-0.11413315683603287,"w":-0.8679470419883728},"size":23.2121524810791,"orthographic":false}